05/21/16,"        11:00 am - 2:00 pm @ Westlake Park - 401 Pine St, Seattle, WA 98101, USA",        Delfino's Chicago Pizza,        Pizza
,        Delfino's Chicago Pizza,,
,,,
,        Pizza,,
,        More...,,
05/21/16,"        11:00 am - 2:00 pm @ Westlake Park - 401 Pine St, Seattle, WA 98101, USA",        Mo Pockets,        Asian
,        Mo Pockets,,
,,,
,        Asian,,
,        More...,,
05/21/16,"        12:00 pm - 3:00 pm @ McGraw Square - 531 Stewart St, Seattle, WA 98101, USA",        Buddha Bruddah,        Hawaiian
,        Buddha Bruddah,,
,,,
,        Hawaiian,,
,        More...,,
05/23/16,"        11:00 am - 2:00 pm @ Westlake Park - 401 Pine St, Seattle, WA 98101, USA",        Bomba Fusion,        Asian
,        Bomba Fusion,,
,,,
,        Asian,,
,        More...,,
05/23/16,"        11:00 am - 2:00 pm @ McGraw Square - 531 Stewart St, Seattle, WA 98101, USA",        Charlie's Bun's N' Stuff,        Burgers / American
,        Charlie's Bun's N' Stuff,,
,,,
,        Burgers / American,,
,        More...,,
05/23/16,"        11:00 am - 2:00 pm @ Westlake Park - 401 Pine St, Seattle, WA 98101, USA",        Delfino's Chicago Pizza,        Pizza
,        Delfino's Chicago Pizza,,
,,,
,        Pizza,,
,        More...,,
05/23/16,"        11:00 am - 2:00 pm @ Westlake Park - 401 Pine St, Seattle, WA 98101, USA",        Seattle Chicken Over Rice,        Mediterranean
,        Seattle Chicken Over Rice,,
,,,
,        Mediterranean,,
,        More...,,
05/23/16,"        11:00 am - 2:00 pm @ 401 Pine St, Seattle, WA 98101, USA",        Lumpia World,        Asian
,        Lumpia World,,
,,,
,        Asian,,
,        More...,,
05/23/16,"        11:00 am - 2:00 pm @ 1000 4th Ave, Seattle, WA 98104, USA",        Grilled Cheese Experience,        Sandwiches / Grilled Cheese
,        Grilled Cheese Experience,,
,,,
,        Sandwiches / Grilled Cheese,,
,        More...,,
05/23/16,"        11:00 am - 2:00 pm @ Westlake Park - 401 Pine St, Seattle, WA 98101, USA",        El Cabrito Oaxaca,        Mexican
,        El Cabrito Oaxaca,,
,,,
,        Mexican,,
,        More...,,
05/23/16,"        11:00 am - 2:00 pm @ 1600 7th Ave, Seattle, WA 98101, USA",        Taco Time,        Mexican
,        Taco Time,,
,,,
,        Mexican,,
,        More...,,
05/23/16,"        11:00 am - 2:00 pm @ 621 9th Ave, Seattle, WA 98104, USA",        Skillet Street Food,        Burgers / American
,        Skillet Street Food,,
,,,
,        Burgers / American,,
,        More...,,
05/23/16,"        4:00 pm - 7:00 pm @ Westlake Park - 401 Pine St, Seattle, WA 98101, USA",        Seattle Chicken Over Rice,        Mediterranean
,        Seattle Chicken Over Rice,,
,,,
,        Mediterranean,,
,        More...,,
05/24/16,"        11:00 am - 2:00 pm @ 401 Pine St, Seattle, WA 98101, USA",        Bomba Fusion,        Asian
,        Bomba Fusion,,
,,,
,        Asian,,
,        More...,,
05/24/16,"        11:00 am - 2:00 pm @ Westlake Park - 401 Pine St, Seattle, WA 98101, USA",        Falafel Salam,        Middle Eastern
,        Falafel Salam,,
,,,
,        Middle Eastern,,
,        More...,,
05/24/16,"        11:00 am - 2:00 pm @ 1600 7th Ave, Seattle, WA 98101, USA",        Jemil's Big Easy,        Southern / Creole
,        Jemil's Big Easy,,
,,,
,        Southern / Creole,,
,        More...,,
05/24/16,"        11:00 am - 2:00 pm @ 1405 5th Ave, Seattle, WA 98101, USA",        Now Make Me A Sandwich,        Sandwiches
,        Now Make Me A Sandwich,,
,,,
,        Sandwiches,,
,        More...,,
05/24/16,"        11:00 am - 2:00 pm @ McGraw Square - 531 Stewart St, Seattle, WA 98101, USA",        Sam Choy's Poke To The Max,        Hawaiian
,        Sam Choy's Poke To The Max,,
,,,
,        Hawaiian,,
,        More...,,
05/24/16,"        11:00 am - 2:00 pm @ 401 Pine St, Seattle, WA 98101, USA",        Savory Eats,        Asian
,        Savory Eats,,
,,,
,        Asian,,
,        More...,,
05/24/16,"        11:00 am - 2:00 pm @ Westlake Park - 401 Pine St, Seattle, WA 98101, USA",        Seattle Chicken Over Rice,        Mediterranean
,        Seattle Chicken Over Rice,,
,,,
,        Mediterranean,,
,        More...,,
05/24/16,"        11:00 am - 1:30 pm @ Westlake Park - 401 Pine St, Seattle, WA 98101, USA",        People's Burger,        Burgers
,        People's Burger,,
,,,
,        Burgers,,
,        More...,,
05/24/16,"        11:30 am - 2:00 pm @ 1201 9th Ave, Seattle, WA 98101, USA",        Cauldron,        Soups & Sandwiches
,        Cauldron,,
,,,
,        Soups & Sandwiches,,
,        More...,,
05/24/16,"        4:00 pm - 7:00 pm @ Westlake Park - 401 Pine St, Seattle, WA 98101, USA",        Seattle Chicken Over Rice,        Mediterranean
,        Seattle Chicken Over Rice,,
,,,
,        Mediterranean,,
,        More...,,
05/25/16,"        11:00 am - 2:00 pm @ 401 Pine St, Seattle, WA 98101, USA",        Sam Choy's Poke To The Max,        Hawaiian
,        Sam Choy's Poke To The Max,,
,,,
,        Hawaiian,,
,        More...,,
05/25/16,"        11:00 am - 2:00 pm @ Westlake Park - 401 Pine St, Seattle, WA 98101, USA",        Off The Rez,        Burgers / Native American
,        Off The Rez,,
,,,
,        Burgers / Native American,,
,        More...,,
05/25/16,"        11:00 am - 2:00 pm @ 1405 5th Ave, Seattle, WA 98101, USA",        Raney Brother's BBQ,        BBQ
,        Raney Brother's BBQ,,
,,,
,        BBQ,,
,        More...,,
05/25/16,"        11:00 am - 2:00 pm @ 401 Pine St, Seattle, WA 98101, USA",        Lumpia World,        Asian
,        Lumpia World,,
,,,
,        Asian,,
,        More...,,
05/25/16,"        11:00 am - 2:00 pm @ Westlake Park - 401 Pine St, Seattle, WA 98101, USA",        Beanfish,        Asian
,        Beanfish,,
,,,
,        Asian,,
,        More...,,
05/25/16,"        11:00 am - 2:00 pm @ McGraw Square - 531 Stewart St, Seattle, WA 98101, USA",        Buddha Bruddah,        Hawaiian
,        Buddha Bruddah,,
,,,
,        Hawaiian,,
,        More...,,
05/25/16,"        11:00 am - 2:00 pm @ Westlake Park - 401 Pine St, Seattle, WA 98101, USA",        Plum Burgers,        Burgers / Vegan
,        Plum Burgers,,
,,,
,        Burgers / Vegan,,
,        More...,,
05/25/16,"        11:00 am - 2:00 pm @ 600 Olive Way, Seattle, WA 98101, USA",        Tat's Delicatessen,        Sandwiches
,        Tat's Delicatessen,,
,,,
,        Sandwiches,,
,        More...,,
05/25/16,"        4:00 pm - 7:00 pm @ Westlake Park - 401 Pine St, Seattle, WA 98101, USA",        Seattle Chicken Over Rice,        Mediterranean
,        Seattle Chicken Over Rice,,
,,,
,        Mediterranean,,
,        More...,,
05/25/16,"        4:00 pm - 7:00 pm @ Westlake Park - 401 Pine St, Seattle, WA 98101, USA",        Beanfish,        Asian / Desserts
,        Beanfish,,
,,,
,        Asian / Desserts,,
,        More...,,
05/26/16,"        11:00 am - 2:00 pm @ 1405 5th Ave, Seattle, WA 98101, USA",        Tat's Delicatessen,        Sandwiches
,        Tat's Delicatessen,,
,,,
,        Sandwiches,,
,        More...,,
05/26/16,"        11:00 am - 2:00 pm @ Westlake Park - 401 Pine St, Seattle, WA 98101, USA",        Off The Rez,        Burgers / Native American
,        Off The Rez,,
,,,
,        Burgers / Native American,,
,        More...,,
05/26/16,"        11:00 am - 2:00 pm @ Westlake Park - 401 Pine St, Seattle, WA 98101, USA",        Jemil's Big Easy,        Southern / Creole
,        Jemil's Big Easy,,
,,,
,        Southern / Creole,,
,        More...,,
05/26/16,"        11:00 am - 2:00 pm @ 401 Pine St, Seattle, WA 98101, USA",        Savory Eats,        Asian
,        Savory Eats,,
,,,
,        Asian,,
,        More...,,
05/26/16,"        11:00 am - 2:00 pm @ Westlake Park - 401 Pine St, Seattle, WA 98101, USA",        Mo Pockets,        Asian
,        Mo Pockets,,
,,,
,        Asian,,
,        More...,,
05/26/16,"        11:00 am - 2:00 pm @ McGraw Square - 531 Stewart St, Seattle, WA 98101, USA",        Skillet Street Food,        Burgers / American
,        Skillet Street Food,,
,,,
,        Burgers / American,,
,        More...,,
05/26/16,"        11:00 am - 2:00 pm @ Westlake Park - 401 Pine St, Seattle, WA 98101, USA",        Wet Buns,        Sandwiches
,        Wet Buns,,
,,,
,        Sandwiches,,
,        More...,,
05/26/16,"        11:00 am - 2:00 pm @ Downtown Public Library - 1000 4th Ave, Seattle, WA 98104, USA",        Taco Time,        Mexican
,        Taco Time,,
,,,
,        Mexican,,
,        More...,,
05/26/16,"        11:00 am - 2:00 pm @ 1405 5th Ave, Seattle, WA 98101, USA",        Buddha Bruddah,        Hawaiian
,        Buddha Bruddah,,
,,,
,        Hawaiian,,
,        More...,,
05/26/16,"        4:00 pm - 7:00 pm @ Westlake Park - 401 Pine St, Seattle, WA 98101, USA",        Seattle Chicken Over Rice,        Mediterranean
,        Seattle Chicken Over Rice,,
,,,
,        Mediterranean,,
,More,,
