"","Time","Location","FootTraffic","Month","Long","Lat","Predicted_Customers","Predicted_if_Raining","Predicted_if_Event"
"1","Evening Rush","1st & Yesler",1230,"Jan","47.601717","-122.334108",12,11,15
"2","Evening Rush","1st & Yesler",1530,"Feb","47.601717","-122.334108",15,14,19
"3","Evening Rush","1st & Yesler",1980,"Mar","47.601717","-122.334108",20,18,25
"4","Evening Rush","1st & Yesler",2290,"Apr","47.601717","-122.334108",23,21,29
"5","Evening Rush","1st & Yesler",2430,"May","47.601717","-122.334108",24,22,30
"6","Evening Rush","1st & Yesler",2410,"Jun","47.601717","-122.334108",24,22,30
"7","Evening Rush","1st & Yesler",2300,"Jul","47.601717","-122.334108",23,21,29
"8","Evening Rush","1st & Yesler",2160,"Aug","47.601717","-122.334108",22,20,28
"9","Evening Rush","1st & Yesler",2010,"Sep","47.601717","-122.334108",20,18,25
"10","Evening Rush","1st & Yesler",1860,"Oct","47.601717","-122.334108",19,17,24
"11","Evening Rush","1st & Yesler",1790,"Nov","47.601717","-122.334108",18,16,22
"12","Evening Rush","1st & Yesler",1730,"Dec","47.601717","-122.334108",17,15,21
"13","Evening Rush","1st Ave N & Mercer St",5030,"Jan","47.624576","-122.355406",50,45,62
"14","Evening Rush","1st Ave N & Mercer St",390,"Feb","47.624576","-122.355406",4,4,5
"15","Evening Rush","1st Ave N & Mercer St",770,"Mar","47.624576","-122.355406",8,7,10
"16","Evening Rush","1st Ave N & Mercer St",1020,"Apr","47.624576","-122.355406",10,9,12
"17","Evening Rush","1st Ave N & Mercer St",1160,"May","47.624576","-122.355406",12,11,15
"18","Evening Rush","1st Ave N & Mercer St",1140,"Jun","47.624576","-122.355406",11,10,14
"19","Evening Rush","1st Ave N & Mercer St",1070,"Jul","47.624576","-122.355406",11,10,14
"20","Evening Rush","1st Ave N & Mercer St",990,"Aug","47.624576","-122.355406",10,9,12
"21","Evening Rush","1st Ave N & Mercer St",870,"Sep","47.624576","-122.355406",9,8,11
"22","Evening Rush","1st Ave N & Mercer St",730,"Oct","47.624576","-122.355406",7,6,9
"23","Evening Rush","1st Ave N & Mercer St",680,"Nov","47.624576","-122.355406",7,6,9
"24","Evening Rush","1st Ave N & Mercer St",650,"Dec","47.624576","-122.355406",6,5,8
"25","Evening Rush","2nd & University",1480,"Jan","47.607297","-122.337088",15,14,19
"26","Evening Rush","2nd & University",1990,"Feb","47.607297","-122.337088",20,18,25
"27","Evening Rush","2nd & University",2450,"Mar","47.607297","-122.337088",24,22,30
"28","Evening Rush","2nd & University",2710,"Apr","47.607297","-122.337088",27,24,34
"29","Evening Rush","2nd & University",2850,"May","47.607297","-122.337088",28,25,35
"30","Evening Rush","2nd & University",2820,"Jun","47.607297","-122.337088",28,25,35
"31","Evening Rush","2nd & University",2720,"Jul","47.607297","-122.337088",27,24,34
"32","Evening Rush","2nd & University",2600,"Aug","47.607297","-122.337088",26,23,32
"33","Evening Rush","2nd & University",2460,"Sep","47.607297","-122.337088",25,22,31
"34","Evening Rush","2nd & University",2320,"Oct","47.607297","-122.337088",23,21,29
"35","Evening Rush","2nd & University",2250,"Nov","47.607297","-122.337088",22,20,28
"36","Evening Rush","2nd & University",2220,"Dec","47.607297","-122.337088",22,20,28
"37","Evening Rush","4th & Pine",3310,"Jan","47.611229","-122.337611",33,30,41
"38","Evening Rush","4th & Pine",3370,"Feb","47.611229","-122.337611",34,31,42
"39","Evening Rush","4th & Pine",3510,"Mar","47.611229","-122.337611",35,32,44
"40","Evening Rush","4th & Pine",3590,"Apr","47.611229","-122.337611",36,32,45
"41","Evening Rush","4th & Pine",3620,"May","47.611229","-122.337611",36,32,45
"42","Evening Rush","4th & Pine",3610,"Jun","47.611229","-122.337611",36,32,45
"43","Evening Rush","4th & Pine",3580,"Jul","47.611229","-122.337611",36,32,45
"44","Evening Rush","4th & Pine",3550,"Aug","47.611229","-122.337611",36,32,45
"45","Evening Rush","4th & Pine",3490,"Sep","47.611229","-122.337611",35,32,44
"46","Evening Rush","4th & Pine",3440,"Oct","47.611229","-122.337611",34,31,42
"47","Evening Rush","4th & Pine",3430,"Nov","47.611229","-122.337611",34,31,42
"48","Evening Rush","4th & Pine",3420,"Dec","47.611229","-122.337611",34,31,42
"49","Evening Rush","5th & Bell",4660,"Jan","47.616082","-122.34301",47,42,59
"50","Evening Rush","5th & Bell",4910,"Feb","47.616082","-122.34301",49,44,61
"51","Evening Rush","5th & Bell",210,"Mar","47.616082","-122.34301",2,2,2
"52","Evening Rush","5th & Bell",500,"Apr","47.616082","-122.34301",5,4,6
"53","Evening Rush","5th & Bell",600,"May","47.616082","-122.34301",6,5,8
"54","Evening Rush","5th & Bell",620,"Jun","47.616082","-122.34301",6,5,8
"55","Evening Rush","5th & Bell",550,"Jul","47.616082","-122.34301",6,5,8
"56","Evening Rush","5th & Bell",470,"Aug","47.616082","-122.34301",5,4,6
"57","Evening Rush","5th & Bell",300,"Sep","47.616082","-122.34301",3,3,4
"58","Evening Rush","5th & Bell",220,"Oct","47.616082","-122.34301",2,2,2
"59","Evening Rush","5th & Bell",200,"Nov","47.616082","-122.34301",2,2,2
"60","Evening Rush","5th & Bell",160,"Dec","47.616082","-122.34301",2,2,2
"61","Evening Rush","5th & Weller",740,"Jan","47.597516","-122.32766",7,6,9
"62","Evening Rush","5th & Weller",1150,"Feb","47.597516","-122.32766",12,11,15
"63","Evening Rush","5th & Weller",1410,"Mar","47.597516","-122.32766",14,13,18
"64","Evening Rush","5th & Weller",1640,"Apr","47.597516","-122.32766",16,14,20
"65","Evening Rush","5th & Weller",1800,"May","47.597516","-122.32766",18,16,22
"66","Evening Rush","5th & Weller",1750,"Jun","47.597516","-122.32766",18,16,22
"67","Evening Rush","5th & Weller",1660,"Jul","47.597516","-122.32766",17,15,21
"68","Evening Rush","5th & Weller",1560,"Aug","47.597516","-122.32766",16,14,20
"69","Evening Rush","5th & Weller",1430,"Sep","47.597516","-122.32766",14,13,18
"70","Evening Rush","5th & Weller",1350,"Oct","47.597516","-122.32766",14,13,18
"71","Evening Rush","5th & Weller",1330,"Nov","47.597516","-122.32766",13,12,16
"72","Evening Rush","5th & Weller",1320,"Dec","47.597516","-122.32766",13,12,16
"73","Evening Rush","6th & Pine",3670,"Jan","47.61214","-122.335388",37,33,46
"74","Evening Rush","6th & Pine",3710,"Feb","47.61214","-122.335388",37,33,46
"75","Evening Rush","6th & Pine",3820,"Mar","47.61214","-122.335388",38,34,48
"76","Evening Rush","6th & Pine",3900,"Apr","47.61214","-122.335388",39,35,49
"77","Evening Rush","6th & Pine",3930,"May","47.61214","-122.335388",39,35,49
"78","Evening Rush","6th & Pine",3920,"Jun","47.61214","-122.335388",39,35,49
"79","Evening Rush","6th & Pine",3890,"Jul","47.61214","-122.335388",39,35,49
"80","Evening Rush","6th & Pine",3840,"Aug","47.61214","-122.335388",38,34,48
"81","Evening Rush","6th & Pine",3800,"Sep","47.61214","-122.335388",38,34,48
"82","Evening Rush","6th & Pine",3760,"Oct","47.61214","-122.335388",38,34,48
"83","Evening Rush","6th & Pine",3750,"Nov","47.61214","-122.335388",38,34,48
"84","Evening Rush","6th & Pine",3740,"Dec","47.61214","-122.335388",37,33,46
"85","Evening Rush","7th & Pike",1340,"Jan","47.611597","-122.333385",13,12,16
"86","Evening Rush","7th & Pike",1690,"Feb","47.611597","-122.333385",17,15,21
"87","Evening Rush","7th & Pike",2180,"Mar","47.611597","-122.333385",22,20,28
"88","Evening Rush","7th & Pike",2510,"Apr","47.611597","-122.333385",25,22,31
"89","Evening Rush","7th & Pike",2640,"May","47.611597","-122.333385",26,23,32
"90","Evening Rush","7th & Pike",2610,"Jun","47.611597","-122.333385",26,23,32
"91","Evening Rush","7th & Pike",2520,"Jul","47.611597","-122.333385",25,22,31
"92","Evening Rush","7th & Pike",2340,"Aug","47.611597","-122.333385",23,21,29
"93","Evening Rush","7th & Pike",2190,"Sep","47.611597","-122.333385",22,20,28
"94","Evening Rush","7th & Pike",2080,"Oct","47.611597","-122.333385",21,19,26
"95","Evening Rush","7th & Pike",2050,"Nov","47.611597","-122.333385",20,18,25
"96","Evening Rush","7th & Pike",2020,"Dec","47.611597","-122.333385",20,18,25
"97","Evening Rush","7th & Stewart",1080,"Jan","47.614286","-122.336156",11,10,14
"98","Evening Rush","7th & Stewart",1400,"Feb","47.614286","-122.336156",14,13,18
"99","Evening Rush","7th & Stewart",1760,"Mar","47.614286","-122.336156",18,16,22
"100","Evening Rush","7th & Stewart",2130,"Apr","47.614286","-122.336156",21,19,26
"101","Evening Rush","7th & Stewart",2260,"May","47.614286","-122.336156",23,21,29
"102","Evening Rush","7th & Stewart",2230,"Jun","47.614286","-122.336156",22,20,28
"103","Evening Rush","7th & Stewart",2150,"Jul","47.614286","-122.336156",22,20,28
"104","Evening Rush","7th & Stewart",2000,"Aug","47.614286","-122.336156",20,18,25
"105","Evening Rush","7th & Stewart",1820,"Sep","47.614286","-122.336156",18,16,22
"106","Evening Rush","7th & Stewart",1680,"Oct","47.614286","-122.336156",17,15,21
"107","Evening Rush","7th & Stewart",1610,"Nov","47.614286","-122.336156",16,14,20
"108","Evening Rush","7th & Stewart",1590,"Dec","47.614286","-122.336156",16,14,20
"109","Evening Rush","Alaskan Way & Seneca",1850,"Jan","47.605207","-122.339789",18,16,22
"110","Evening Rush","Alaskan Way & Seneca",2380,"Feb","47.605207","-122.339789",24,22,30
"111","Evening Rush","Alaskan Way & Seneca",2790,"Mar","47.605207","-122.339789",28,25,35
"112","Evening Rush","Alaskan Way & Seneca",3010,"Apr","47.605207","-122.339789",30,27,38
"113","Evening Rush","Alaskan Way & Seneca",3080,"May","47.605207","-122.339789",31,28,39
"114","Evening Rush","Alaskan Way & Seneca",3050,"Jun","47.605207","-122.339789",30,27,38
"115","Evening Rush","Alaskan Way & Seneca",3000,"Jul","47.605207","-122.339789",30,27,38
"116","Evening Rush","Alaskan Way & Seneca",2880,"Aug","47.605207","-122.339789",29,26,36
"117","Evening Rush","Alaskan Way & Seneca",2780,"Sep","47.605207","-122.339789",28,25,35
"118","Evening Rush","Alaskan Way & Seneca",2700,"Oct","47.605207","-122.339789",27,24,34
"119","Evening Rush","Alaskan Way & Seneca",2660,"Nov","47.605207","-122.339789",27,24,34
"120","Evening Rush","Alaskan Way & Seneca",2650,"Dec","47.605207","-122.339789",26,23,32
"121","Evening Rush","Broadway & E John",4550,"Jan","47.619906","-122.320875",46,41,58
"122","Evening Rush","Broadway & E John",4770,"Feb","47.619906","-122.320875",48,43,60
"123","Evening Rush","Broadway & E John",20,"Mar","47.619906","-122.320875",0,0,0
"124","Evening Rush","Broadway & E John",280,"Apr","47.619906","-122.320875",3,3,4
"125","Evening Rush","Broadway & E John",440,"May","47.619906","-122.320875",4,4,5
"126","Evening Rush","Broadway & E John",460,"Jun","47.619906","-122.320875",5,4,6
"127","Evening Rush","Broadway & E John",340,"Jul","47.619906","-122.320875",3,3,4
"128","Evening Rush","Broadway & E John",240,"Aug","47.619906","-122.320875",2,2,2
"129","Evening Rush","Broadway & E John",140,"Sep","47.619906","-122.320875",1,1,1
"130","Evening Rush","Broadway & E John",40,"Oct","47.619906","-122.320875",0,0,0
"131","Evening Rush","Broadway & E John",5020,"Nov","47.619906","-122.320875",50,45,62
"132","Evening Rush","Broadway & E John",4970,"Dec","47.619906","-122.320875",50,45,62
"133","Evening Rush","Denny & Westlake",2350,"Jan","47.617813","-122.338351",24,22,30
"134","Evening Rush","Denny & Westlake",2810,"Feb","47.617813","-122.338351",28,25,35
"135","Evening Rush","Denny & Westlake",3110,"Mar","47.617813","-122.338351",31,28,39
"136","Evening Rush","Denny & Westlake",3210,"Apr","47.617813","-122.338351",32,29,40
"137","Evening Rush","Denny & Westlake",3260,"May","47.617813","-122.338351",33,30,41
"138","Evening Rush","Denny & Westlake",3220,"Jun","47.617813","-122.338351",32,29,40
"139","Evening Rush","Denny & Westlake",3200,"Jul","47.617813","-122.338351",32,29,40
"140","Evening Rush","Denny & Westlake",3160,"Aug","47.617813","-122.338351",32,29,40
"141","Evening Rush","Denny & Westlake",3090,"Sep","47.617813","-122.338351",31,28,39
"142","Evening Rush","Denny & Westlake",3020,"Oct","47.617813","-122.338351",30,27,38
"143","Evening Rush","Denny & Westlake",2980,"Nov","47.617813","-122.338351",30,27,38
"144","Evening Rush","Denny & Westlake",2950,"Dec","47.617813","-122.338351",30,27,38
"145","Evening Rush","Madison & Minor",5010,"Jan","47.609817","-122.324029",50,45,62
"146","Evening Rush","Madison & Minor",380,"Feb","47.609817","-122.324029",4,4,5
"147","Evening Rush","Madison & Minor",760,"Mar","47.609817","-122.324029",8,7,10
"148","Evening Rush","Madison & Minor",1010,"Apr","47.609817","-122.324029",10,9,12
"149","Evening Rush","Madison & Minor",1120,"May","47.609817","-122.324029",11,10,14
"150","Evening Rush","Madison & Minor",1110,"Jun","47.609817","-122.324029",11,10,14
"151","Evening Rush","Madison & Minor",1050,"Jul","47.609817","-122.324029",10,9,12
"152","Evening Rush","Madison & Minor",970,"Aug","47.609817","-122.324029",10,9,12
"153","Evening Rush","Madison & Minor",850,"Sep","47.609817","-122.324029",8,7,10
"154","Evening Rush","Madison & Minor",700,"Oct","47.609817","-122.324029",7,6,9
"155","Evening Rush","Madison & Minor",670,"Nov","47.609817","-122.324029",7,6,9
"156","Evening Rush","Madison & Minor",630,"Dec","47.609817","-122.324029",6,5,8
"157","Evening Rush","Westlake & Harrison",890,"Jan","47.622044","-122.338448",9,8,11
"158","Evening Rush","Westlake & Harrison",1240,"Feb","47.622044","-122.338448",12,11,15
"159","Evening Rush","Westlake & Harrison",1490,"Mar","47.622044","-122.338448",15,14,19
"160","Evening Rush","Westlake & Harrison",1740,"Apr","47.622044","-122.338448",17,15,21
"161","Evening Rush","Westlake & Harrison",1910,"May","47.622044","-122.338448",19,17,24
"162","Evening Rush","Westlake & Harrison",1890,"Jun","47.622044","-122.338448",19,17,24
"163","Evening Rush","Westlake & Harrison",1780,"Jul","47.622044","-122.338448",18,16,22
"164","Evening Rush","Westlake & Harrison",1630,"Aug","47.622044","-122.338448",16,14,20
"165","Evening Rush","Westlake & Harrison",1520,"Sep","47.622044","-122.338448",15,14,19
"166","Evening Rush","Westlake & Harrison",1440,"Oct","47.622044","-122.338448",14,13,18
"167","Evening Rush","Westlake & Harrison",1380,"Nov","47.622044","-122.338448",14,13,18
"168","Evening Rush","Westlake & Harrison",1360,"Dec","47.622044","-122.338448",14,13,18
"169","Lunchtime","1st & Yesler",1300,"Jan","47.601717","-122.334108",13,12,16
"170","Lunchtime","1st & Yesler",1620,"Feb","47.601717","-122.334108",16,14,20
"171","Lunchtime","1st & Yesler",2100,"Mar","47.601717","-122.334108",21,19,26
"172","Lunchtime","1st & Yesler",2420,"Apr","47.601717","-122.334108",24,22,30
"173","Lunchtime","1st & Yesler",2560,"May","47.601717","-122.334108",26,23,32
"174","Lunchtime","1st & Yesler",2550,"Jun","47.601717","-122.334108",26,23,32
"175","Lunchtime","1st & Yesler",2440,"Jul","47.601717","-122.334108",24,22,30
"176","Lunchtime","1st & Yesler",2280,"Aug","47.601717","-122.334108",23,21,29
"177","Lunchtime","1st & Yesler",2120,"Sep","47.601717","-122.334108",21,19,26
"178","Lunchtime","1st & Yesler",2040,"Oct","47.601717","-122.334108",20,18,25
"179","Lunchtime","1st & Yesler",1940,"Nov","47.601717","-122.334108",19,17,24
"180","Lunchtime","1st & Yesler",1880,"Dec","47.601717","-122.334108",19,17,24
"181","Lunchtime","1st Ave N & Mercer St",130,"Jan","47.624576","-122.355406",1,1,1
"182","Lunchtime","1st Ave N & Mercer St",540,"Feb","47.624576","-122.355406",5,4,6
"183","Lunchtime","1st Ave N & Mercer St",940,"Mar","47.624576","-122.355406",9,8,11
"184","Lunchtime","1st Ave N & Mercer St",1130,"Apr","47.624576","-122.355406",11,10,14
"185","Lunchtime","1st Ave N & Mercer St",1290,"May","47.624576","-122.355406",13,12,16
"186","Lunchtime","1st Ave N & Mercer St",1280,"Jun","47.624576","-122.355406",13,12,16
"187","Lunchtime","1st Ave N & Mercer St",1190,"Jul","47.624576","-122.355406",12,11,15
"188","Lunchtime","1st Ave N & Mercer St",1060,"Aug","47.624576","-122.355406",11,10,14
"189","Lunchtime","1st Ave N & Mercer St",980,"Sep","47.624576","-122.355406",10,9,12
"190","Lunchtime","1st Ave N & Mercer St",900,"Oct","47.624576","-122.355406",9,8,11
"191","Lunchtime","1st Ave N & Mercer St",830,"Nov","47.624576","-122.355406",8,7,10
"192","Lunchtime","1st Ave N & Mercer St",800,"Dec","47.624576","-122.355406",8,7,10
"193","Lunchtime","2nd & University",1570,"Jan","47.607297","-122.337088",16,14,20
"194","Lunchtime","2nd & University",2090,"Feb","47.607297","-122.337088",21,19,26
"195","Lunchtime","2nd & University",2570,"Mar","47.607297","-122.337088",26,23,32
"196","Lunchtime","2nd & University",2840,"Apr","47.607297","-122.337088",28,25,35
"197","Lunchtime","2nd & University",2930,"May","47.607297","-122.337088",29,26,36
"198","Lunchtime","2nd & University",2920,"Jun","47.607297","-122.337088",29,26,36
"199","Lunchtime","2nd & University",2830,"Jul","47.607297","-122.337088",28,25,35
"200","Lunchtime","2nd & University",2690,"Aug","47.607297","-122.337088",27,24,34
"201","Lunchtime","2nd & University",2580,"Sep","47.607297","-122.337088",26,23,32
"202","Lunchtime","2nd & University",2470,"Oct","47.607297","-122.337088",25,22,31
"203","Lunchtime","2nd & University",2390,"Nov","47.607297","-122.337088",24,22,30
"204","Lunchtime","2nd & University",2360,"Dec","47.607297","-122.337088",24,22,30
"205","Lunchtime","4th & Pine",3320,"Jan","47.611229","-122.337611",33,30,41
"206","Lunchtime","4th & Pine",3400,"Feb","47.611229","-122.337611",34,31,42
"207","Lunchtime","4th & Pine",3560,"Mar","47.611229","-122.337611",36,32,45
"208","Lunchtime","4th & Pine",3630,"Apr","47.611229","-122.337611",36,32,45
"209","Lunchtime","4th & Pine",3650,"May","47.611229","-122.337611",36,32,45
"210","Lunchtime","4th & Pine",3640,"Jun","47.611229","-122.337611",36,32,45
"211","Lunchtime","4th & Pine",3600,"Jul","47.611229","-122.337611",36,32,45
"212","Lunchtime","4th & Pine",3570,"Aug","47.611229","-122.337611",36,32,45
"213","Lunchtime","4th & Pine",3540,"Sep","47.611229","-122.337611",35,32,44
"214","Lunchtime","4th & Pine",3500,"Oct","47.611229","-122.337611",35,32,44
"215","Lunchtime","4th & Pine",3460,"Nov","47.611229","-122.337611",35,32,44
"216","Lunchtime","4th & Pine",3450,"Dec","47.611229","-122.337611",34,31,42
"217","Lunchtime","5th & Bell",4710,"Jan","47.616082","-122.34301",47,42,59
"218","Lunchtime","5th & Bell",4990,"Feb","47.616082","-122.34301",50,45,62
"219","Lunchtime","5th & Bell",350,"Mar","47.616082","-122.34301",4,4,5
"220","Lunchtime","5th & Bell",610,"Apr","47.616082","-122.34301",6,5,8
"221","Lunchtime","5th & Bell",710,"May","47.616082","-122.34301",7,6,9
"222","Lunchtime","5th & Bell",720,"Jun","47.616082","-122.34301",7,6,9
"223","Lunchtime","5th & Bell",640,"Jul","47.616082","-122.34301",6,5,8
"224","Lunchtime","5th & Bell",570,"Aug","47.616082","-122.34301",6,5,8
"225","Lunchtime","5th & Bell",480,"Sep","47.616082","-122.34301",5,4,6
"226","Lunchtime","5th & Bell",330,"Oct","47.616082","-122.34301",3,3,4
"227","Lunchtime","5th & Bell",290,"Nov","47.616082","-122.34301",3,3,4
"228","Lunchtime","5th & Bell",260,"Dec","47.616082","-122.34301",3,3,4
"229","Lunchtime","5th & Weller",910,"Jan","47.597516","-122.32766",9,8,11
"230","Lunchtime","5th & Weller",1270,"Feb","47.597516","-122.32766",13,12,16
"231","Lunchtime","5th & Weller",1510,"Mar","47.597516","-122.32766",15,14,19
"232","Lunchtime","5th & Weller",1770,"Apr","47.597516","-122.32766",18,16,22
"233","Lunchtime","5th & Weller",1960,"May","47.597516","-122.32766",20,18,25
"234","Lunchtime","5th & Weller",1920,"Jun","47.597516","-122.32766",19,17,24
"235","Lunchtime","5th & Weller",1810,"Jul","47.597516","-122.32766",18,16,22
"236","Lunchtime","5th & Weller",1650,"Aug","47.597516","-122.32766",16,14,20
"237","Lunchtime","5th & Weller",1540,"Sep","47.597516","-122.32766",15,14,19
"238","Lunchtime","5th & Weller",1450,"Oct","47.597516","-122.32766",14,13,18
"239","Lunchtime","5th & Weller",1390,"Nov","47.597516","-122.32766",14,13,18
"240","Lunchtime","5th & Weller",1370,"Dec","47.597516","-122.32766",14,13,18
"241","Lunchtime","6th & Pine",3680,"Jan","47.61214","-122.335388",37,33,46
"242","Lunchtime","6th & Pine",3720,"Feb","47.61214","-122.335388",37,33,46
"243","Lunchtime","6th & Pine",3860,"Mar","47.61214","-122.335388",39,35,49
"244","Lunchtime","6th & Pine",3940,"Apr","47.61214","-122.335388",39,35,49
"245","Lunchtime","6th & Pine",3970,"May","47.61214","-122.335388",40,36,50
"246","Lunchtime","6th & Pine",3960,"Jun","47.61214","-122.335388",40,36,50
"247","Lunchtime","6th & Pine",3910,"Jul","47.61214","-122.335388",39,35,49
"248","Lunchtime","6th & Pine",3870,"Aug","47.61214","-122.335388",39,35,49
"249","Lunchtime","6th & Pine",3830,"Sep","47.61214","-122.335388",38,34,48
"250","Lunchtime","6th & Pine",3810,"Oct","47.61214","-122.335388",38,34,48
"251","Lunchtime","6th & Pine",3790,"Nov","47.61214","-122.335388",38,34,48
"252","Lunchtime","6th & Pine",3770,"Dec","47.61214","-122.335388",38,34,48
"253","Lunchtime","7th & Pike",1420,"Jan","47.611597","-122.333385",14,13,18
"254","Lunchtime","7th & Pike",1840,"Feb","47.611597","-122.333385",18,16,22
"255","Lunchtime","7th & Pike",2310,"Mar","47.611597","-122.333385",23,21,29
"256","Lunchtime","7th & Pike",2620,"Apr","47.611597","-122.333385",26,23,32
"257","Lunchtime","7th & Pike",2750,"May","47.611597","-122.333385",28,25,35
"258","Lunchtime","7th & Pike",2730,"Jun","47.611597","-122.333385",27,24,34
"259","Lunchtime","7th & Pike",2630,"Jul","47.611597","-122.333385",26,23,32
"260","Lunchtime","7th & Pike",2480,"Aug","47.611597","-122.333385",25,22,31
"261","Lunchtime","7th & Pike",2330,"Sep","47.611597","-122.333385",23,21,29
"262","Lunchtime","7th & Pike",2200,"Oct","47.611597","-122.333385",22,20,28
"263","Lunchtime","7th & Pike",2170,"Nov","47.611597","-122.333385",22,20,28
"264","Lunchtime","7th & Pike",2140,"Dec","47.611597","-122.333385",21,19,26
"265","Lunchtime","7th & Stewart",1200,"Jan","47.614286","-122.336156",12,11,15
"266","Lunchtime","7th & Stewart",1500,"Feb","47.614286","-122.336156",15,14,19
"267","Lunchtime","7th & Stewart",1930,"Mar","47.614286","-122.336156",19,17,24
"268","Lunchtime","7th & Stewart",2240,"Apr","47.614286","-122.336156",22,20,28
"269","Lunchtime","7th & Stewart",2400,"May","47.614286","-122.336156",24,22,30
"270","Lunchtime","7th & Stewart",2370,"Jun","47.614286","-122.336156",24,22,30
"271","Lunchtime","7th & Stewart",2270,"Jul","47.614286","-122.336156",23,21,29
"272","Lunchtime","7th & Stewart",2110,"Aug","47.614286","-122.336156",21,19,26
"273","Lunchtime","7th & Stewart",1970,"Sep","47.614286","-122.336156",20,18,25
"274","Lunchtime","7th & Stewart",1830,"Oct","47.614286","-122.336156",18,16,22
"275","Lunchtime","7th & Stewart",1710,"Nov","47.614286","-122.336156",17,15,21
"276","Lunchtime","7th & Stewart",1700,"Dec","47.614286","-122.336156",17,15,21
"277","Lunchtime","Alaskan Way & Seneca",2030,"Jan","47.605207","-122.339789",20,18,25
"278","Lunchtime","Alaskan Way & Seneca",2540,"Feb","47.605207","-122.339789",25,22,31
"279","Lunchtime","Alaskan Way & Seneca",2870,"Mar","47.605207","-122.339789",29,26,36
"280","Lunchtime","Alaskan Way & Seneca",3070,"Apr","47.605207","-122.339789",31,28,39
"281","Lunchtime","Alaskan Way & Seneca",3130,"May","47.605207","-122.339789",31,28,39
"282","Lunchtime","Alaskan Way & Seneca",3120,"Jun","47.605207","-122.339789",31,28,39
"283","Lunchtime","Alaskan Way & Seneca",3060,"Jul","47.605207","-122.339789",31,28,39
"284","Lunchtime","Alaskan Way & Seneca",2970,"Aug","47.605207","-122.339789",30,27,38
"285","Lunchtime","Alaskan Way & Seneca",2860,"Sep","47.605207","-122.339789",29,26,36
"286","Lunchtime","Alaskan Way & Seneca",2800,"Oct","47.605207","-122.339789",28,25,35
"287","Lunchtime","Alaskan Way & Seneca",2760,"Nov","47.605207","-122.339789",28,25,35
"288","Lunchtime","Alaskan Way & Seneca",2740,"Dec","47.605207","-122.339789",27,24,34
"289","Lunchtime","Broadway & E John",4630,"Jan","47.619906","-122.320875",46,41,58
"290","Lunchtime","Broadway & E John",4870,"Feb","47.619906","-122.320875",49,44,61
"291","Lunchtime","Broadway & E John",170,"Mar","47.619906","-122.320875",2,2,2
"292","Lunchtime","Broadway & E John",450,"Apr","47.619906","-122.320875",4,4,5
"293","Lunchtime","Broadway & E John",560,"May","47.619906","-122.320875",6,5,8
"294","Lunchtime","Broadway & E John",580,"Jun","47.619906","-122.320875",6,5,8
"295","Lunchtime","Broadway & E John",490,"Jul","47.619906","-122.320875",5,4,6
"296","Lunchtime","Broadway & E John",370,"Aug","47.619906","-122.320875",4,4,5
"297","Lunchtime","Broadway & E John",250,"Sep","47.619906","-122.320875",2,2,2
"298","Lunchtime","Broadway & E John",190,"Oct","47.619906","-122.320875",2,2,2
"299","Lunchtime","Broadway & E John",110,"Nov","47.619906","-122.320875",1,1,1
"300","Lunchtime","Broadway & E John",90,"Dec","47.619906","-122.320875",1,1,1
"301","Lunchtime","Denny & Westlake",2490,"Jan","47.617813","-122.338351",25,22,31
"302","Lunchtime","Denny & Westlake",2900,"Feb","47.617813","-122.338351",29,26,36
"303","Lunchtime","Denny & Westlake",3150,"Mar","47.617813","-122.338351",32,29,40
"304","Lunchtime","Denny & Westlake",3250,"Apr","47.617813","-122.338351",32,29,40
"305","Lunchtime","Denny & Westlake",3290,"May","47.617813","-122.338351",33,30,41
"306","Lunchtime","Denny & Westlake",3280,"Jun","47.617813","-122.338351",33,30,41
"307","Lunchtime","Denny & Westlake",3230,"Jul","47.617813","-122.338351",32,29,40
"308","Lunchtime","Denny & Westlake",3190,"Aug","47.617813","-122.338351",32,29,40
"309","Lunchtime","Denny & Westlake",3140,"Sep","47.617813","-122.338351",31,28,39
"310","Lunchtime","Denny & Westlake",3100,"Oct","47.617813","-122.338351",31,28,39
"311","Lunchtime","Denny & Westlake",3040,"Nov","47.617813","-122.338351",30,27,38
"312","Lunchtime","Denny & Westlake",3030,"Dec","47.617813","-122.338351",30,27,38
"313","Lunchtime","Madison & Minor",100,"Jan","47.609817","-122.324029",1,1,1
"314","Lunchtime","Madison & Minor",530,"Feb","47.609817","-122.324029",5,4,6
"315","Lunchtime","Madison & Minor",930,"Mar","47.609817","-122.324029",9,8,11
"316","Lunchtime","Madison & Minor",1100,"Apr","47.609817","-122.324029",11,10,14
"317","Lunchtime","Madison & Minor",1260,"May","47.609817","-122.324029",13,12,16
"318","Lunchtime","Madison & Minor",1250,"Jun","47.609817","-122.324029",12,11,15
"319","Lunchtime","Madison & Minor",1180,"Jul","47.609817","-122.324029",12,11,15
"320","Lunchtime","Madison & Minor",1040,"Aug","47.609817","-122.324029",10,9,12
"321","Lunchtime","Madison & Minor",960,"Sep","47.609817","-122.324029",10,9,12
"322","Lunchtime","Madison & Minor",880,"Oct","47.609817","-122.324029",9,8,11
"323","Lunchtime","Madison & Minor",810,"Nov","47.609817","-122.324029",8,7,10
"324","Lunchtime","Madison & Minor",780,"Dec","47.609817","-122.324029",8,7,10
"325","Lunchtime","Westlake & Harrison",1000,"Jan","47.622044","-122.338448",10,9,12
"326","Lunchtime","Westlake & Harrison",1310,"Feb","47.622044","-122.338448",13,12,16
"327","Lunchtime","Westlake & Harrison",1580,"Mar","47.622044","-122.338448",16,14,20
"328","Lunchtime","Westlake & Harrison",1900,"Apr","47.622044","-122.338448",19,17,24
"329","Lunchtime","Westlake & Harrison",2070,"May","47.622044","-122.338448",21,19,26
"330","Lunchtime","Westlake & Harrison",2060,"Jun","47.622044","-122.338448",21,19,26
"331","Lunchtime","Westlake & Harrison",1950,"Jul","47.622044","-122.338448",20,18,25
"332","Lunchtime","Westlake & Harrison",1720,"Aug","47.622044","-122.338448",17,15,21
"333","Lunchtime","Westlake & Harrison",1600,"Sep","47.622044","-122.338448",16,14,20
"334","Lunchtime","Westlake & Harrison",1550,"Oct","47.622044","-122.338448",16,14,20
"335","Lunchtime","Westlake & Harrison",1470,"Nov","47.622044","-122.338448",15,14,19
"336","Lunchtime","Westlake & Harrison",1460,"Dec","47.622044","-122.338448",15,14,19
"337","Morning Rush","1st & Yesler",4330,"Jan","47.601717","-122.334108",43,39,54
"338","Morning Rush","1st & Yesler",4510,"Feb","47.601717","-122.334108",45,40,56
"339","Morning Rush","1st & Yesler",4690,"Mar","47.601717","-122.334108",47,42,59
"340","Morning Rush","1st & Yesler",4890,"Apr","47.601717","-122.334108",49,44,61
"341","Morning Rush","1st & Yesler",4940,"May","47.601717","-122.334108",49,44,61
"342","Morning Rush","1st & Yesler",4950,"Jun","47.601717","-122.334108",50,45,62
"343","Morning Rush","1st & Yesler",4920,"Jul","47.601717","-122.334108",49,44,61
"344","Morning Rush","1st & Yesler",4860,"Aug","47.601717","-122.334108",49,44,61
"345","Morning Rush","1st & Yesler",4780,"Sep","47.601717","-122.334108",48,43,60
"346","Morning Rush","1st & Yesler",4730,"Oct","47.601717","-122.334108",47,42,59
"347","Morning Rush","1st & Yesler",4700,"Nov","47.601717","-122.334108",47,42,59
"348","Morning Rush","1st & Yesler",4680,"Dec","47.601717","-122.334108",47,42,59
"349","Morning Rush","1st Ave N & Mercer St",3270,"Jan","47.624576","-122.355406",33,30,41
"350","Morning Rush","1st Ave N & Mercer St",3880,"Feb","47.624576","-122.355406",39,35,49
"351","Morning Rush","1st Ave N & Mercer St",4030,"Mar","47.624576","-122.355406",40,36,50
"352","Morning Rush","1st Ave N & Mercer St",4210,"Apr","47.624576","-122.355406",42,38,52
"353","Morning Rush","1st Ave N & Mercer St",4230,"May","47.624576","-122.355406",42,38,52
"354","Morning Rush","1st Ave N & Mercer St",4200,"Jun","47.624576","-122.355406",42,38,52
"355","Morning Rush","1st Ave N & Mercer St",4180,"Jul","47.624576","-122.355406",42,38,52
"356","Morning Rush","1st Ave N & Mercer St",4160,"Aug","47.624576","-122.355406",42,38,52
"357","Morning Rush","1st Ave N & Mercer St",4130,"Sep","47.624576","-122.355406",41,37,51
"358","Morning Rush","1st Ave N & Mercer St",4120,"Oct","47.624576","-122.355406",41,37,51
"359","Morning Rush","1st Ave N & Mercer St",4140,"Nov","47.624576","-122.355406",41,37,51
"360","Morning Rush","1st Ave N & Mercer St",4150,"Dec","47.624576","-122.355406",42,38,52
"361","Morning Rush","2nd & University",4540,"Jan","47.607297","-122.337088",45,40,56
"362","Morning Rush","2nd & University",4760,"Feb","47.607297","-122.337088",48,43,60
"363","Morning Rush","2nd & University",5040,"Mar","47.607297","-122.337088",50,45,62
"364","Morning Rush","2nd & University",270,"Apr","47.607297","-122.337088",3,3,4
"365","Morning Rush","2nd & University",400,"May","47.607297","-122.337088",4,4,5
"366","Morning Rush","2nd & University",420,"Jun","47.607297","-122.337088",4,4,5
"367","Morning Rush","2nd & University",320,"Jul","47.607297","-122.337088",3,3,4
"368","Morning Rush","2nd & University",230,"Aug","47.607297","-122.337088",2,2,2
"369","Morning Rush","2nd & University",120,"Sep","47.607297","-122.337088",1,1,1
"370","Morning Rush","2nd & University",30,"Oct","47.607297","-122.337088",0,0,0
"371","Morning Rush","2nd & University",4980,"Nov","47.607297","-122.337088",50,45,62
"372","Morning Rush","2nd & University",4960,"Dec","47.607297","-122.337088",50,45,62
"373","Morning Rush","4th & Pine",1670,"Jan","47.611229","-122.337611",17,15,21
"374","Morning Rush","4th & Pine",2210,"Feb","47.611229","-122.337611",22,20,28
"375","Morning Rush","4th & Pine",2680,"Mar","47.611229","-122.337611",27,24,34
"376","Morning Rush","4th & Pine",2910,"Apr","47.611229","-122.337611",29,26,36
"377","Morning Rush","4th & Pine",2990,"May","47.611229","-122.337611",30,27,38
"378","Morning Rush","4th & Pine",2960,"Jun","47.611229","-122.337611",30,27,38
"379","Morning Rush","4th & Pine",2890,"Jul","47.611229","-122.337611",29,26,36
"380","Morning Rush","4th & Pine",2770,"Aug","47.611229","-122.337611",28,25,35
"381","Morning Rush","4th & Pine",2670,"Sep","47.611229","-122.337611",27,24,34
"382","Morning Rush","4th & Pine",2590,"Oct","47.611229","-122.337611",26,23,32
"383","Morning Rush","4th & Pine",2530,"Nov","47.611229","-122.337611",25,22,31
"384","Morning Rush","4th & Pine",2500,"Dec","47.611229","-122.337611",25,22,31
"385","Morning Rush","5th & Bell",2940,"Jan","47.616082","-122.34301",29,26,36
"386","Morning Rush","5th & Bell",3730,"Feb","47.616082","-122.34301",37,33,46
"387","Morning Rush","5th & Bell",4220,"Mar","47.616082","-122.34301",42,38,52
"388","Morning Rush","5th & Bell",4270,"Apr","47.616082","-122.34301",43,39,54
"389","Morning Rush","5th & Bell",4250,"May","47.616082","-122.34301",42,38,52
"390","Morning Rush","5th & Bell",4020,"Jun","47.616082","-122.34301",40,36,50
"391","Morning Rush","5th & Bell",3990,"Jul","47.616082","-122.34301",40,36,50
"392","Morning Rush","5th & Bell",3700,"Aug","47.616082","-122.34301",37,33,46
"393","Morning Rush","5th & Bell",3660,"Sep","47.616082","-122.34301",37,33,46
"394","Morning Rush","5th & Bell",3690,"Oct","47.616082","-122.34301",37,33,46
"395","Morning Rush","5th & Bell",3780,"Nov","47.616082","-122.34301",38,34,48
"396","Morning Rush","5th & Bell",3980,"Dec","47.616082","-122.34301",40,36,50
"397","Morning Rush","5th & Weller",4240,"Jan","47.597516","-122.32766",42,38,52
"398","Morning Rush","5th & Weller",4280,"Feb","47.597516","-122.32766",43,39,54
"399","Morning Rush","5th & Weller",4320,"Mar","47.597516","-122.32766",43,39,54
"400","Morning Rush","5th & Weller",4390,"Apr","47.597516","-122.32766",44,40,55
"401","Morning Rush","5th & Weller",4470,"May","47.597516","-122.32766",45,40,56
"402","Morning Rush","5th & Weller",4480,"Jun","47.597516","-122.32766",45,40,56
"403","Morning Rush","5th & Weller",4460,"Jul","47.597516","-122.32766",45,40,56
"404","Morning Rush","5th & Weller",4430,"Aug","47.597516","-122.32766",44,40,55
"405","Morning Rush","5th & Weller",4380,"Sep","47.597516","-122.32766",44,40,55
"406","Morning Rush","5th & Weller",4360,"Oct","47.597516","-122.32766",44,40,55
"407","Morning Rush","5th & Weller",4350,"Nov","47.597516","-122.32766",44,40,55
"408","Morning Rush","5th & Weller",4340,"Dec","47.597516","-122.32766",43,39,54
"409","Morning Rush","6th & Pine",3300,"Jan","47.61214","-122.335388",33,30,41
"410","Morning Rush","6th & Pine",3330,"Feb","47.61214","-122.335388",33,30,41
"411","Morning Rush","6th & Pine",3390,"Mar","47.61214","-122.335388",34,31,42
"412","Morning Rush","6th & Pine",3480,"Apr","47.61214","-122.335388",35,32,44
"413","Morning Rush","6th & Pine",3530,"May","47.61214","-122.335388",35,32,44
"414","Morning Rush","6th & Pine",3520,"Jun","47.61214","-122.335388",35,32,44
"415","Morning Rush","6th & Pine",3470,"Jul","47.61214","-122.335388",35,32,44
"416","Morning Rush","6th & Pine",3410,"Aug","47.61214","-122.335388",34,31,42
"417","Morning Rush","6th & Pine",3380,"Sep","47.61214","-122.335388",34,31,42
"418","Morning Rush","6th & Pine",3360,"Oct","47.61214","-122.335388",34,31,42
"419","Morning Rush","6th & Pine",3350,"Nov","47.61214","-122.335388",34,31,42
"420","Morning Rush","6th & Pine",3340,"Dec","47.61214","-122.335388",33,30,41
"421","Morning Rush","7th & Pike",4410,"Jan","47.611597","-122.333385",44,40,55
"422","Morning Rush","7th & Pike",4640,"Feb","47.611597","-122.333385",46,41,58
"423","Morning Rush","7th & Pike",4850,"Mar","47.611597","-122.333385",48,43,60
"424","Morning Rush","7th & Pike",10,"Apr","47.611597","-122.333385",0,0,0
"425","Morning Rush","7th & Pike",150,"May","47.611597","-122.333385",2,2,2
"426","Morning Rush","7th & Pike",180,"Jun","47.611597","-122.333385",2,2,2
"427","Morning Rush","7th & Pike",70,"Jul","47.611597","-122.333385",1,1,1
"428","Morning Rush","7th & Pike",5000,"Aug","47.611597","-122.333385",50,45,62
"429","Morning Rush","7th & Pike",4930,"Sep","47.611597","-122.333385",49,44,61
"430","Morning Rush","7th & Pike",4900,"Oct","47.611597","-122.333385",49,44,61
"431","Morning Rush","7th & Pike",4840,"Nov","47.611597","-122.333385",48,43,60
"432","Morning Rush","7th & Pike",4800,"Dec","47.611597","-122.333385",48,43,60
"433","Morning Rush","7th & Stewart",4290,"Jan","47.614286","-122.336156",43,39,54
"434","Morning Rush","7th & Stewart",4400,"Feb","47.614286","-122.336156",44,40,55
"435","Morning Rush","7th & Stewart",4590,"Mar","47.614286","-122.336156",46,41,58
"436","Morning Rush","7th & Stewart",4740,"Apr","47.614286","-122.336156",47,42,59
"437","Morning Rush","7th & Stewart",4810,"May","47.614286","-122.336156",48,43,60
"438","Morning Rush","7th & Stewart",4830,"Jun","47.614286","-122.336156",48,43,60
"439","Morning Rush","7th & Stewart",4790,"Jul","47.614286","-122.336156",48,43,60
"440","Morning Rush","7th & Stewart",4720,"Aug","47.614286","-122.336156",47,42,59
"441","Morning Rush","7th & Stewart",4670,"Sep","47.614286","-122.336156",47,42,59
"442","Morning Rush","7th & Stewart",4650,"Oct","47.614286","-122.336156",46,41,58
"443","Morning Rush","7th & Stewart",4620,"Nov","47.614286","-122.336156",46,41,58
"444","Morning Rush","7th & Stewart",4600,"Dec","47.614286","-122.336156",46,41,58
"445","Morning Rush","Alaskan Way & Seneca",4750,"Jan","47.605207","-122.339789",48,43,60
"446","Morning Rush","Alaskan Way & Seneca",50,"Feb","47.605207","-122.339789",0,0,0
"447","Morning Rush","Alaskan Way & Seneca",430,"Mar","47.605207","-122.339789",4,4,5
"448","Morning Rush","Alaskan Way & Seneca",660,"Apr","47.605207","-122.339789",7,6,9
"449","Morning Rush","Alaskan Way & Seneca",820,"May","47.605207","-122.339789",8,7,10
"450","Morning Rush","Alaskan Way & Seneca",840,"Jun","47.605207","-122.339789",8,7,10
"451","Morning Rush","Alaskan Way & Seneca",690,"Jul","47.605207","-122.339789",7,6,9
"452","Morning Rush","Alaskan Way & Seneca",590,"Aug","47.605207","-122.339789",6,5,8
"453","Morning Rush","Alaskan Way & Seneca",510,"Sep","47.605207","-122.339789",5,4,6
"454","Morning Rush","Alaskan Way & Seneca",410,"Oct","47.605207","-122.339789",4,4,5
"455","Morning Rush","Alaskan Way & Seneca",360,"Nov","47.605207","-122.339789",4,4,5
"456","Morning Rush","Alaskan Way & Seneca",310,"Dec","47.605207","-122.339789",3,3,4
"457","Morning Rush","Broadway & E John",60,"Jan","47.619906","-122.320875",1,1,1
"458","Morning Rush","Broadway & E John",4820,"Feb","47.619906","-122.320875",48,43,60
"459","Morning Rush","Broadway & E John",4610,"Mar","47.619906","-122.320875",46,41,58
"460","Morning Rush","Broadway & E John",4490,"Apr","47.619906","-122.320875",45,40,56
"461","Morning Rush","Broadway & E John",4310,"May","47.619906","-122.320875",43,39,54
"462","Morning Rush","Broadway & E John",4040,"Jun","47.619906","-122.320875",40,36,50
"463","Morning Rush","Broadway & E John",4000,"Jul","47.619906","-122.320875",40,36,50
"464","Morning Rush","Broadway & E John",3950,"Aug","47.619906","-122.320875",40,36,50
"465","Morning Rush","Broadway & E John",3180,"Sep","47.619906","-122.320875",32,29,40
"466","Morning Rush","Broadway & E John",1870,"Oct","47.619906","-122.320875",19,17,24
"467","Morning Rush","Broadway & E John",4880,"Nov","47.619906","-122.320875",49,44,61
"468","Morning Rush","Broadway & E John",3170,"Dec","47.619906","-122.320875",32,29,40
"469","Morning Rush","Denny & Westlake",80,"Jan","47.617813","-122.338351",1,1,1
"470","Morning Rush","Denny & Westlake",520,"Feb","47.617813","-122.338351",5,4,6
"471","Morning Rush","Denny & Westlake",920,"Mar","47.617813","-122.338351",9,8,11
"472","Morning Rush","Denny & Westlake",1090,"Apr","47.617813","-122.338351",11,10,14
"473","Morning Rush","Denny & Westlake",1220,"May","47.617813","-122.338351",12,11,15
"474","Morning Rush","Denny & Westlake",1210,"Jun","47.617813","-122.338351",12,11,15
"475","Morning Rush","Denny & Westlake",1170,"Jul","47.617813","-122.338351",12,11,15
"476","Morning Rush","Denny & Westlake",1030,"Aug","47.617813","-122.338351",10,9,12
"477","Morning Rush","Denny & Westlake",950,"Sep","47.617813","-122.338351",10,9,12
"478","Morning Rush","Denny & Westlake",860,"Oct","47.617813","-122.338351",9,8,11
"479","Morning Rush","Denny & Westlake",790,"Nov","47.617813","-122.338351",8,7,10
"480","Morning Rush","Denny & Westlake",750,"Dec","47.617813","-122.338351",8,7,10
"481","Morning Rush","Madison & Minor",3240,"Jan","47.609817","-122.324029",32,29,40
"482","Morning Rush","Madison & Minor",3850,"Feb","47.609817","-122.324029",38,34,48
"483","Morning Rush","Madison & Minor",4010,"Mar","47.609817","-122.324029",40,36,50
"484","Morning Rush","Madison & Minor",4170,"Apr","47.609817","-122.324029",42,38,52
"485","Morning Rush","Madison & Minor",4190,"May","47.609817","-122.324029",42,38,52
"486","Morning Rush","Madison & Minor",4110,"Jun","47.609817","-122.324029",41,37,51
"487","Morning Rush","Madison & Minor",4100,"Jul","47.609817","-122.324029",41,37,51
"488","Morning Rush","Madison & Minor",4090,"Aug","47.609817","-122.324029",41,37,51
"489","Morning Rush","Madison & Minor",4060,"Sep","47.609817","-122.324029",41,37,51
"490","Morning Rush","Madison & Minor",4050,"Oct","47.609817","-122.324029",40,36,50
"491","Morning Rush","Madison & Minor",4070,"Nov","47.609817","-122.324029",41,37,51
"492","Morning Rush","Madison & Minor",4080,"Dec","47.609817","-122.324029",41,37,51
"493","Morning Rush","Westlake & Harrison",4260,"Jan","47.622044","-122.338448",43,39,54
"494","Morning Rush","Westlake & Harrison",4300,"Feb","47.622044","-122.338448",43,39,54
"495","Morning Rush","Westlake & Harrison",4370,"Mar","47.622044","-122.338448",44,40,55
"496","Morning Rush","Westlake & Harrison",4520,"Apr","47.622044","-122.338448",45,40,56
"497","Morning Rush","Westlake & Harrison",4570,"May","47.622044","-122.338448",46,41,58
"498","Morning Rush","Westlake & Harrison",4580,"Jun","47.622044","-122.338448",46,41,58
"499","Morning Rush","Westlake & Harrison",4560,"Jul","47.622044","-122.338448",46,41,58
"500","Morning Rush","Westlake & Harrison",4530,"Aug","47.622044","-122.338448",45,40,56
"501","Morning Rush","Westlake & Harrison",4500,"Sep","47.622044","-122.338448",45,40,56
"502","Morning Rush","Westlake & Harrison",4450,"Oct","47.622044","-122.338448",44,40,55
"503","Morning Rush","Westlake & Harrison",4440,"Nov","47.622044","-122.338448",44,40,55
"504","Morning Rush","Westlake & Harrison",4420,"Dec","47.622044","-122.338448",44,40,55

